TEAM,CONF,G,W,ADJOE,ADJDE,BARTHAG,EFG_O,EFGD_D,TOR,TORD,ORB,DRB,FTR,FTRD,2P_O,2P_D,3P_O,3P_D,ADJ_T,WAB,POSTSEASON,SEED
Gonzaga,WCC,32,28,120.3,89.9,0.9662,58.7,43.1,15.7,16.3,29.1,23.4,30.6,22.7,60.4,41.8,37,30.5,72.6,6.7,S16,1
Kansas,B12,40,34,119.8,91.3,0.958,53.8,45.8,17.3,18.1,32.9,28.6,32.3,27.7,53.6,46.4,36.1,29.8,69.1,10.4,Champions,1
Baylor,B12,34,27,117.8,91.3,0.9491,52.8,47.8,17.9,22.9,36.3,28.8,29,27.7,53.6,49.2,34.3,30.2,67.6,8.9,R32,1
Arizona,P12,37,33,118,93.7,0.9341,55.6,44.4,18.3,17.4,34.7,28.6,34.9,24,57,41.8,35.3,32.8,72.3,8.8,S16,1
Duke,ACC,39,32,122.7,96,0.944,55.6,47.1,15,15.7,31.7,28.9,28.6,19.1,56,46.6,36.6,32,67.4,7.2,F4,2
Villanova,BE,38,30,117.2,93,0.9346,51.5,47.3,15.5,18.4,31.2,28.9,29.8,25,49.5,48.1,35.9,30.8,62.2,7.3,F4,2
Kentucky,SEC,34,26,119.4,95.4,0.9295,53.1,46.9,16.7,17.5,37.7,24.9,28,25.4,53.5,47.3,34.7,30.8,67.8,6.9,R64,2
Auburn,SEC,34,28,111.7,90,0.9228,49.9,44.1,16.7,20,33.7,28.9,31.6,34.2,51.3,42.8,31.8,31,70,7.4,R32,2
Texas Tech,B12,37,27,110.5,85.4,0.9509,52.6,45.8,19.8,23.2,33.2,25.8,35.1,31.9,54.9,44.5,32.1,31.5,66.3,6.6,S16,3
Tennessee,SEC,35,27,111.3,87.1,0.9439,50.7,46.4,17.7,22.9,32.4,27.2,29,31.5,48.5,46,35.9,31.3,67.4,8,R32,3
Purdue,B10,37,29,121.6,97.5,0.9267,56.5,49.1,17.5,14,35.2,23.8,38.2,21.6,55.8,48.6,38.4,33.2,66,7,S16,3
Wisconsin,B10,33,25,108.7,93.4,0.8511,47.7,49,13,17,25.9,24.4,32.4,27.2,48.7,49,30.7,32.5,66.4,6.5,R32,3
UCLA,P12,35,27,115.8,92.2,0.9321,50.6,47.6,13.2,19.4,31.3,25.3,29.5,28.3,49.5,47.3,35.4,32.1,65.4,5.1,S16,4
Illinois,B10,33,23,111.9,93,0.8943,52.5,46,18.1,15.5,33.1,26.6,32,28.2,51.4,45.2,35.9,31.9,67.1,4.2,R32,4
Arkansas,SEC,37,28,108.7,90.7,0.8894,48.6,47.5,16.9,20.5,29.6,25.3,37.2,31.9,50.1,46.8,30.4,32.4,70.6,4.5,E8,4
Providence,BE,33,27,111.4,95.5,0.8554,50,46.3,17,15.6,30.3,27.4,37,27,49,47.1,34.4,30,65.3,5.9,S16,4
Houston,Amer,38,32,116.5,88.5,0.9595,53.1,43.3,16.9,21.7,37.7,28,29,34.7,54.5,43.4,33.8,28.8,63.7,6.2,E8,5
Iowa,B10,36,26,121.1,97.2,0.9265,53.3,49.7,13,19.2,32.3,30,30,26.3,52.5,49.9,36.3,32.9,69.8,4.5,R64,5
Saint Mary's,WCC,33,26,109.8,90.5,0.9024,52.7,48.3,17,19.2,27.4,21.7,23.3,25.1,52.5,47,35.5,34.3,63.7,3.9,R32,5
Connecticut,BE,33,23,113.2,95.9,0.8709,49.6,46,17.3,18,37.9,27.6,30.5,31.7,48,42.6,35.2,35.3,65,3.1,R64,5
Texas,B12,34,22,112.5,91.5,0.9152,50.1,47,17.8,23,31.6,29.8,32,39,50.5,46.6,33,31.8,63.5,3.4,R32,6
LSU,SEC,34,22,106.3,89.6,0.8766,49.4,45.1,20.7,25.1,33.8,30.9,33.4,37.8,50.4,47.6,31.6,28.2,68.7,2.3,R64,6
Alabama,SEC,33,19,115.2,98.3,0.8612,51.3,49.8,19.8,17.9,35.3,30.5,32.9,34.8,55.9,49.3,30.9,33.8,71.8,2,R64,6
Colorado St.,MWC,30,25,111.9,98.1,0.819,54.8,50.1,15.2,18.5,21.9,25,29.6,25.6,55.7,51,35.6,32.7,65.6,4.3,R64,6
Ohio St.,B10,32,20,115.5,98.5,0.8612,54.3,47.6,17.1,15.5,29.3,28.7,33.4,29.1,54,45.8,36.5,33.8,65.1,1.3,R32,7
Michigan St.,B10,36,23,111.6,96.6,0.8405,52,48.1,18.8,15.3,30.7,27.1,29.9,28.3,49.6,48.5,37.8,31.6,67.6,2.9,R32,7
Murray St.,OVC,31,31,110,96.2,0.8241,52.6,48.1,17.1,20.4,35.3,25.7,32.4,26,53.2,50.5,34.5,29.7,66,3.5,R32,7
USC,P12,34,26,108.6,96.2,0.8021,51.2,44.7,17.9,14.4,33.5,26.7,30.9,26.8,50.1,42,35.7,33.2,66.2,4.1,R64,7
North Carolina,ACC,39,29,114.4,93.5,0.9113,51.5,48.6,16.4,13.6,31.9,21.6,30.3,21.4,50.1,47.5,35.8,33.7,70.1,4.3,2ND,8
San Diego St.,MWC,32,23,102.4,86.9,0.8675,48.7,44.1,19.3,21.9,29.5,27.3,31.1,31,46.7,43.5,35.4,30,65.3,2.6,R64,8
Boise St.,MWC,34,27,107.6,92.9,0.8434,50.7,48.3,18.4,20.2,30.6,22.4,35.2,25.9,50.6,48,34,32.6,64.5,3.5,R64,8
Seton Hall,BE,31,21,105.4,93.4,0.8,47.2,45.6,17.7,18.5,32.3,29.1,30.5,27.8,45.8,45.1,33.2,31.1,67.6,1.9,R64,8
Memphis,Amer,33,22,112.4,92.6,0.9028,52.3,46.6,22.5,20.4,37.4,30.9,37.8,33.2,51.9,45.5,35.5,32,70,1.4,R32,9
TCU,B12,34,21,108.6,92.1,0.8698,48.7,47.4,21.4,18.6,37.7,26.1,31.4,26.9,50.3,48,30.2,30.9,65.9,2.9,R32,9
Creighton,BE,35,23,104.8,92.1,0.8151,50.6,44.9,20.4,15.5,28.4,28.5,26.7,20.8,53.3,43.6,30.8,31.7,67,1.7,R32,9
Marquette,BE,32,19,107.7,96.5,0.7787,52.1,47,17.2,18.9,22.5,31.6,26.2,29.5,52.6,46.4,34.4,32,71.2,0.6,R64,9
San Francisco,WCC,33,24,110.2,93,0.8748,53.1,47.1,17.9,18.4,30,24,28.5,33,54.4,48.7,34.3,28.9,69,1.6,R64,10
Miami FL,ACC,37,26,113.6,97.9,0.8467,53.4,52.5,14,20.4,22.4,30.3,28.9,24.8,54.8,53,33.9,34.5,67.7,2.6,E8,10
Loyola Chicago,MVC,32,25,106.9,92.3,0.8439,55.6,46.9,18.5,20.1,25.1,24,31.5,28.9,54.9,47.3,37.6,30.9,64.6,1.8,R64,10
Davidson,A10,33,27,115.8,101.1,0.8258,55.6,49.5,14.8,16.7,23.6,22.4,32.5,28,54.2,48.9,38.5,33.6,64.6,2.1,R64,10
Virginia Tech,ACC,36,23,115.6,95.2,0.9028,55.1,49,17,18.7,27.8,26.2,24.5,25.6,52.6,49.3,39.2,32.3,63.3,1.7,R64,11
Michigan,B10,34,19,113.9,96.2,0.8741,52.1,49.7,17.3,14.7,31,24,29.4,25.6,52.7,50.4,33.9,32.4,66.4,0.2,S16,11
Notre Dame,ACC,34,24,112.8,96.7,0.8542,54,49,15.6,15.1,22.1,24.7,27.3,22.2,51.9,49.6,37.9,32,65.4,1.9,R32,11
Iowa St.,B12,35,22,101.7,88.4,0.8346,49.1,47.9,20.4,24.6,28.4,28.3,27.1,36.7,50.1,50.8,31.5,28.9,66.3,2.8,S16,11
Rutgers,B10,32,18,106.6,96.3,0.7629,49.9,48.6,17.3,17.8,29.6,27,26.2,28.6,49.4,47.1,33.9,33.9,65,-0.7,R68,11
Indiana,B10,35,21,107.7,91.6,0.8652,50.6,46.2,17.2,17.6,27,25.1,33.5,30.7,50.9,43.9,33.3,33,67.2,0.2,R64,12
UAB,CUSA,33,27,111.8,99.1,0.8001,52.8,48.4,16.4,21.1,33.3,27.5,29.3,31.3,50.8,47.8,38,32.9,68.9,-0.1,R64,12
Wyoming,MWC,33,25,107.9,97.3,0.7661,52.3,47.1,17.1,15.7,25.5,24.6,37.1,24.8,54.4,48.4,33,30.1,65.8,1.9,R68,12
New Mexico St.,WAC,31,27,106,96,0.7579,51.9,45.2,20.8,16.8,32.6,25.7,34.6,28.3,53.2,45.6,33.4,29.8,66.1,0.7,R32,12
Richmond,A10,37,24,106.9,99.1,0.7071,51.1,50.5,14.3,18.8,22.4,27.5,31,23.4,52.3,49.9,33,34.3,66.7,-1.6,R32,12
Vermont,AE,33,28,109.7,97.3,0.7984,57.1,47.7,14.7,16.8,23.7,18.7,26.7,23.3,58.6,45.3,36.8,34.4,64.8,-0.8,R64,13
Chattanooga,SC,33,27,107.3,97.3,0.7557,52.2,49.4,17,18.1,32.7,26.2,26.8,27.8,53,52.1,33.9,30.3,64.6,0.2,R64,13
South Dakota St.,Sum,33,30,114.1,103.5,0.7542,59.2,51.4,15.3,15.8,23.7,24.3,34.6,21.3,55.9,50.3,43.7,35.2,69.6,1.5,R64,13
Akron,MAC,32,24,105.5,101.7,0.6041,52.5,49.1,17.7,17.5,29,26.4,39.3,26.1,52.2,47.4,35.3,34.8,61.9,-4.3,R64,13
Colgate,Pat,34,23,107,103.2,0.6026,55.6,48.9,16.9,16,26.6,25.1,26.3,24.1,52.1,48,40.4,33.7,67,-6.1,R64,14
Longwood,BSth,29,26,105.7,103.7,0.5541,51.5,51.4,18.4,20,33.2,24.5,35.4,26.5,47.9,53.9,38.4,32.1,65.8,-2.3,R64,14
Yale,Ivy,30,19,99.4,97.9,0.5449,49.7,48.9,18.3,18.2,25.6,26.7,32.2,32.1,50.1,51.2,32.6,30.5,68.9,-4.9,R64,14
Montana St.,BSky,33,27,103.6,102.5,0.5308,53.9,49.4,18.7,18.2,26.7,23.5,40.1,36.1,52.9,48.9,37,33.6,67.1,-2.8,R64,14
Saint Peter's,MAAC,33,22,99.4,93.1,0.6786,47.5,44.2,20.1,20.5,30.9,29,37.4,41.2,45.6,44.5,34.6,29.2,65.6,-5.6,E8,15
Delaware,CAA,34,22,106.5,103.2,0.5908,53.4,49.6,18.3,18.5,26.7,31.3,34.5,29.1,54.4,47.7,34.5,35.4,66.6,-5.5,R64,15
Jacksonville St.,ASun,30,21,104.5,102.2,0.5638,53.6,48.1,19.7,17.1,28.2,27,32.1,21.6,51,47.5,38,32.7,65.1,-5.2,R64,15
Cal St. Fullerton,BW,30,21,102,103.1,0.4675,48.9,51.1,17.9,20.2,29.1,28.2,34.8,25.7,48.4,48.4,33.4,37.3,66,-5,R64,15
Georgia St.,SB,26,18,101.9,98.4,0.5983,44.7,50,16.6,22.1,32.5,31,30.4,33.2,42.5,46.2,32.4,37.5,67.3,-5.1,R64,16
Bryant,NEC,31,22,102.9,104.1,0.4651,49.6,47.6,19,16.6,32.8,31.7,32.7,25.2,52.8,47,30.3,32.5,72.3,-4.8,R68,16
Wright St.,Horz,35,22,104.8,106.2,0.4613,51.7,51.4,17.7,18.5,31,30.1,31.6,26.1,52.5,51.9,33.4,33.8,68.8,-8.4,R64,16
Texas Southern,SWAC,32,19,96.3,98.5,0.4356,48.2,45.3,21.4,17.3,33,28,33.6,33.4,48.6,45.1,31.4,30.4,68.1,-6.8,R64,16
Norfolk St.,MEAC,28,24,100.7,103,0.4342,50.9,45.8,20.1,18.4,30.1,27.8,38.3,33.5,50.8,47.1,34,29.5,67,-3.1,R64,16
Texas A&M Corpus Chris,Slnd,31,23,96.4,102.8,0.3223,47.2,49,19.7,22.6,34,28.8,38,42.3,46.9,50.3,31.8,31.5,69.2,-7.6,R68,16
Oklahoma,B12,35,19,110.6,94.1,0.865,54.8,49.4,22,20.3,25.7,26.2,27.4,26.4,56.7,50.3,34.7,31.8,65.2,1.1,N/A,N/A
Texas A&M,SEC,39,27,109.2,93.3,0.8597,49.6,47.4,18.9,23.7,33.5,33.2,35.7,33.3,50.1,47.9,32.4,31.1,66.5,1.2,N/A,N/A
Oklahoma St.,B12,30,15,102.9,88,0.8575,48,45.7,21.4,22.8,32.3,31.4,33,31.2,49.8,43.7,29.5,32.4,68,-0.8,N/A,N/A
Wake Forest,ACC,35,25,110.7,95,0.8543,55.6,47.3,19.2,17.6,26.7,26.2,33.6,29.4,58.5,46.6,34.5,32.3,70.4,1.5,N/A,N/A
Washington St.,P12,37,22,107.6,93.1,0.8405,47.9,46.9,16.6,20.4,33.4,29.5,29.8,30.3,46.2,47.4,33.5,30.6,66.2,-4,N/A,N/A
Dayton,A10,35,24,108.8,94.5,0.8341,53.9,46.9,19.1,17.1,30.3,23.6,30.5,23.7,53.8,45.8,36.1,32.4,63.1,-1.2,N/A,N/A
Syracuse,ACC,33,16,116.1,101.4,0.8271,52.5,50.6,15.4,16.7,29.2,32.1,28.3,23.5,49.9,51.6,37.6,33,67.7,-3.8,N/A,N/A
Xavier,BE,36,23,110.9,97.2,0.8205,50.9,48.3,16.7,18.1,29.3,26.1,35.3,25.9,52.2,48.3,32.2,32.2,68.6,-1.1,N/A,N/A
St. John's,BE,32,17,110.2,96.7,0.8178,50.8,48.9,15.9,21.3,30.7,31.5,26.1,33.2,51,47.5,33.5,34.1,73.6,-3.3,N/A,N/A
VCU,A10,32,22,100.9,88.9,0.8097,51.4,44.4,21.9,24.7,26.6,32,30.9,38.3,51.1,45.9,34.7,27.8,68.5,0.5,N/A,N/A
North Texas,CUSA,30,25,104.6,92.3,0.8082,51.4,46.3,18.7,19.5,31.7,25.1,37.7,32.8,49.7,47.6,35.8,28.8,59.2,0.7,N/A,N/A
Utah St.,MWC,33,18,109.2,96.4,0.8061,54.2,49.7,18.3,18.3,26,22.9,28.9,29,56.2,48.8,34.1,34,66.7,-4.7,N/A,N/A
Florida,SEC,34,20,109.8,97,0.8056,49.6,49.4,18.5,21.8,31.5,32.5,33.8,30.3,53.1,49.9,30.3,32.2,65.5,-0.9,N/A,N/A
SMU,Amer,33,24,107.9,95.4,0.8039,51.5,44.5,17.7,17,27.7,30.3,35.6,25.4,50.4,44.5,35.3,29.8,68.3,1.8,N/A,N/A
West Virginia,B12,33,16,108.6,96.1,0.8025,46.8,50.6,18.2,22.5,30,33.6,36.1,34.1,45.7,51.7,32.8,32.4,67.9,-1.1,N/A,N/A
Virginia,ACC,35,21,107.4,95.1,0.8012,49.7,48.8,16.1,18.3,27.8,28.8,28.1,23.3,50.3,47.9,32.3,33.6,59.3,-0.5,N/A,N/A
Vanderbilt,SEC,36,19,106.7,94.7,0.7985,50.2,48.5,18.9,20.7,27.5,27.7,38.7,34.9,49.5,50.7,34,30.1,67.4,-3.1,N/A,N/A
BYU,WCC,33,24,108.4,97.8,0.7647,51.8,47.7,18.4,15,30.6,22.5,27.2,31.1,51.9,48.9,34.6,30.5,67.8,0.3,N/A,N/A
Santa Clara,WCC,33,21,110.6,100.4,0.7538,54.5,48.5,16.2,16.5,23.4,26.2,27.6,21.2,53.5,46.7,37.8,34.8,70.9,-1.7,N/A,N/A
Northern Iowa,MVC,31,20,110.2,102.1,0.7057,53,53.9,16.2,18,20.8,21.8,33.2,22.7,53.3,54.4,35.1,35.6,67.3,-2.9,N/A,N/A
DePaul,BE,31,15,106.4,99.8,0.6759,48.8,48.8,17.4,16.8,31.7,28.5,33.4,26,49.4,47.8,31.7,33.7,68.8,-4.7,N/A,N/A
Stephen F. Austin,WAC,28,22,101.9,98.3,0.6021,51.3,49.2,22.3,24.4,34.5,32.2,36.5,37.4,52.8,50.1,31.9,31.9,69,-3.1,N/A,N/A
Sam Houston St.,WAC,30,19,100,96.9,0.5896,48.3,48.6,18.5,20.8,30.6,26.3,25,34.7,46.8,49.1,33.6,31.9,64.9,-7.1,N/A,N/A
UC Riverside,BW,26,16,101.2,100.1,0.5301,50.7,47.1,18.4,16.1,22.4,22.4,26.9,28.2,52.2,47.8,32.3,30.2,65.4,-6.8,N/A,N/A
UNC Greensboro,SC,31,17,100,101.2,0.4672,49.8,50.4,20.1,18.6,32.4,25.2,27.5,28.6,48.6,48.6,34.4,34.9,62.3,-7.4,N/A,N/A
Bellarmine,ASun,29,20,108,109.3,0.4645,53.3,54.4,15,17.7,22.4,30.5,22.1,30.2,54.8,56.1,34.2,35,62.3,-5.6,N/A,N/A
Long Beach St.,BW,31,20,101.5,103,0.4583,48.8,52.1,17.9,19.9,27.1,27.2,38.1,27.7,47.1,51.3,34.9,35.5,71.1,-4.9,N/A,N/A
Old Dominion,CUSA,31,13,99.6,101.9,0.4355,46.9,49.7,18.4,17.1,32.3,27.3,34.3,29.4,48.1,48.4,29,34.2,64.3,-12.3,N/A,N/A
Campbell,BSth,26,16,100.1,102.5,0.4335,51.3,50.6,16.4,18.3,22.2,26.1,26.3,27.6,52.4,49.1,33,35.3,62.3,-8.8,N/A,N/A
Alcorn St.,SWAC,34,17,97.5,104,0.3222,45.9,50.9,20.3,19.1,31.9,27.9,32.5,36.8,45.1,50.6,31.8,34.3,67.4,-8.2,N/A,N/A
Mississippi St.,SEC,34,18,107.6,95.6,0.7973,49.6,49.6,19.5,19.4,34.1,25.7,38.1,28.3,51.7,50.9,29.5,31.9,65.5,-2.4,N/A,N/A
Kansas St.,B12,31,14,109.6,97.3,0.7969,49.4,49.5,16.9,19.8,25.2,28.3,29.6,32,47.5,52.4,34.6,30.2,66.4,-2.1,N/A,N/A
Fresno St.,MWC,35,23,105.1,93.5,0.7928,51.1,47.7,17.7,19.4,27.3,22.9,31.2,27.2,51.3,47.2,33.7,32.3,61.5,-4,N/A,N/A
Saint Louis,A10,34,23,108.5,96.7,0.7889,50.6,48.2,18.7,18,33.8,26.5,32.7,32.4,49.1,48,36.2,32.3,68,-1.5,N/A,N/A
Tulane,Amer,29,14,110.8,99.4,0.7769,51.2,49.6,15,20.3,20.1,32.8,33.4,28.5,49,48.3,36.5,34.1,67.9,-5.1,N/A,N/A
Clemson,ACC,33,17,109.4,98.3,0.7753,52.4,49.7,16.4,16.9,25.8,24.1,29.8,29.1,51.2,49.4,36.3,33.4,66.4,-3.7,N/A,N/A
Oregon,P12,34,20,109.6,98.7,0.7705,51.1,49.6,17.1,19.2,29.9,31.1,29.7,29.1,51.6,50.2,33.5,32.4,67.7,-2.4,N/A,N/A
Furman,SC,33,22,113.6,102.4,0.7686,55.6,51.5,15.7,19.1,27.4,28.1,23.3,24.6,55,52.5,37.5,33.3,65,-4.5,N/A,N/A
Missouri St.,MVC,33,23,112.1,101.8,0.7522,54.6,48.8,15.5,15.7,25.8,24,27.7,28,54.6,47.8,36.4,33.6,67.1,-2.5,N/A,N/A
Towson,CAA,34,25,108.3,98.5,0.7488,51.6,47.9,17.9,19.5,35.7,26.5,33.9,31.9,50.4,48.4,35.7,31.5,64.7,-1.7,N/A,N/A
Drake,MVC,34,25,108.4,98.9,0.7424,51.4,49.3,15.9,19.4,30.2,25.9,27.3,33.5,52.3,49.1,33.1,33.1,66,-2,N/A,N/A
Arizona St.,P12,31,14,100.6,92,0.7378,47.1,46.3,17.3,19.6,24.9,30.3,21.2,32.3,47.7,46.1,30.7,31.1,67.3,-4.1,N/A,N/A
Maryland,B10,32,15,108.7,99.4,0.7378,49.4,50.2,16.8,16.1,27.2,27.6,33.9,24.6,49.7,48.2,32.6,35.5,66.7,-3.8,N/A,N/A
Colorado,P12,33,21,105.4,96.4,0.7358,50.4,48.1,19.7,17.5,29.9,24.4,34.7,27,48.1,47.2,36.6,33.1,67.3,-0.3,N/A,N/A
UNLV,MWC,31,18,107,97.9,0.7357,49.1,48.4,17,17.2,27.1,25.9,30.7,30.8,48.6,48.8,33.2,31.9,66.4,-3.8,N/A,N/A
Northwestern,B10,30,15,105.5,96.7,0.7322,49,50.8,14.1,19.3,25.6,25.1,25.1,34.8,47.2,47.7,34.6,36.8,67.8,-3.9,N/A,N/A
St. Bonaventure,A10,33,23,107.3,98.7,0.7233,50.5,50.3,15.5,19.1,26.9,27.5,25.9,22.2,50.9,49.6,33.1,34.2,65.5,-0.5,N/A,N/A
Wichita St.,Amer,28,15,103.9,95.5,0.7232,46.7,47.3,18.7,20.1,32.3,28.3,31.7,30.4,46.7,47.2,31.2,31.6,67.1,-3.6,N/A,N/A
Iona,MAAC,33,25,106.9,98.6,0.7179,50.7,46.6,17.9,19,31.8,29.8,37.3,33.8,51.2,47.2,33.2,30.2,69.4,-0.7,N/A,N/A
Belmont,OVC,32,25,106.6,98.4,0.7163,55.7,49.4,16.8,20.9,24.4,27.8,25.9,23.5,60.7,48.7,32.8,33.7,69,-0.2,N/A,N/A
Grand Canyon,WAC,29,23,104.1,96.1,0.7144,49.9,43.5,19.2,18.6,34.8,28.4,31,33,48.3,45.1,34.8,26.9,65.6,-2.4,N/A,N/A
Penn St.,B10,31,14,104,96.4,0.7046,50.5,48.3,18.6,13.8,28.6,24.1,21.8,26.2,49.9,45.6,34.2,35.2,61.9,-3.9,N/A,N/A
Cincinnati,Amer,32,18,104.4,96.9,0.7035,46.9,45,15.2,17.9,30.1,29.6,29.6,34.5,46.7,44.2,31.4,31.2,67.7,-4.6,N/A,N/A
Middle Tennessee,CUSA,35,26,105.8,98.2,0.7004,51.4,47.2,18.9,20.3,30,29.2,34.2,36.5,52.7,47.6,33.1,31,67.1,-3.2,N/A,N/A
UCF,Amer,30,18,106.3,98.7,0.7002,49.9,48.7,19.1,20.7,30.8,30.8,28.5,29.8,47.9,50,35,31.2,67.5,-1.7,N/A,N/A
Toledo,MAC,33,26,109.2,101.8,0.693,53,47.2,14.7,15.3,30.4,27.4,28,22.9,53.1,47.6,35.2,31.2,68.9,-1.6,N/A,N/A
Mississippi,SEC,32,13,106,99.1,0.6857,49.6,51.4,18,19.4,26.7,26.6,28.7,28,50,53.1,32.6,32.3,65.4,-7.1,N/A,N/A
Louisiana Tech,CUSA,31,24,104.4,97.7,0.6842,51.9,48.2,16.9,19.3,26.1,28.1,31.1,28.1,52.5,47.4,34,33,68.4,-2.6,N/A,N/A
Bradley,MVC,30,17,102.8,96.1,0.6837,51.1,46.9,19.9,18.2,31.9,23.5,27.3,30.2,51.1,46.1,34.1,32.2,67.3,-6.4,N/A,N/A
Florida St.,ACC,31,17,105.2,98.4,0.6833,49,52.2,18.1,21,31.7,31.1,30.3,30.4,48.7,50,33.1,36.9,67.8,-1.6,N/A,N/A
South Carolina,SEC,30,18,100.1,94.2,0.6679,47.3,47.3,21.4,21.5,33.6,32.1,29.2,41.6,47.4,46.9,31.3,32,70.6,-1.1,N/A,N/A
Washington,P12,32,17,104.4,98.4,0.6629,46.4,49.9,16.7,22.1,29.3,35.6,34.7,30.1,46.2,49.8,31.2,33.5,69.6,-4.4,N/A,N/A
Temple,Amer,29,17,101.6,96.2,0.652,45.4,45.5,18.5,17.2,32.7,29.3,39.7,31.7,44.7,46.3,31.1,29.4,66.3,-2.5,N/A,N/A
Princeton,Ivy,28,23,111.5,105.9,0.6452,56.7,51.3,14.5,15.5,24.8,23.5,21.3,21.7,55.9,51.6,38.4,33.6,66.9,-2.1,N/A,N/A
Minnesota,B10,30,13,106.1,100.8,0.6435,50.7,51.2,14,15.8,17.7,27.5,23.6,23.3,48,51.6,36.8,33.7,65.1,-4.8,N/A,N/A
Boston College,ACC,33,13,103.9,98.8,0.6422,47.8,51.5,17.9,18.7,29.9,25.7,29.6,31.5,48.5,49.8,30.9,36.4,65,-8.3,N/A,N/A
Hofstra,CAA,30,21,109.1,103.8,0.6392,53.4,54.4,14.7,20.4,23.3,26.9,21.7,26.3,55.6,52.1,33.8,38.3,68.9,-3.4,N/A,N/A
Nebraska,B10,32,10,106.5,101.4,0.6388,50.3,51.5,17.1,18.3,20.6,31.4,33.3,29.4,51.8,51.2,32,34.7,71.4,-9.1,N/A,N/A
Abilene Christian,WAC,32,25,104.5,99.5,0.6379,48.4,52,17.6,27.9,27.8,30.9,39.3,49.1,48.4,52,32.2,34.6,70.2,-4.1,N/A,N/A
Stanford,P12,32,16,103.5,98.7,0.6337,49.8,51.4,22.3,16.4,33.8,22.9,29.9,29,49.2,52.9,33.9,32.7,66,-3.2,N/A,N/A
Utah Valley,WAC,30,20,101.5,96.8,0.6337,50.6,45.4,22.1,15.6,32,24.5,38.1,28.3,48.7,46.6,36.8,29,65.8,-5.3,N/A,N/A
Butler,BE,31,14,102.3,97.6,0.6318,47.1,49.9,18.2,17.1,27.1,27.4,30.2,30.2,48.9,51.9,29.7,31.1,63.8,-5.3,N/A,N/A
Louisville,ACC,32,13,103,98.3,0.631,48.8,50.3,18,16.3,27.3,24.9,25.1,30,50.5,49.1,30.9,34.9,67.3,-6.8,N/A,N/A
Morehead St.,OVC,31,23,102.8,98.2,0.6277,52.4,46.5,20.4,17.3,30.7,29.5,29,23.7,51.6,45.3,35.8,32.6,64.7,-3.9,N/A,N/A
North Carolina St.,ACC,32,11,109.2,104.5,0.625,47.9,53.4,14.5,18.3,30.3,31,29.1,29.4,45.9,53,34,36.1,67.1,-9,N/A,N/A
George Mason,A10,30,14,104.7,100.2,0.6244,53,49.6,18,17.2,24.9,23.8,29,29.6,52.4,48.1,35.7,34.4,65,-8.1,N/A,N/A
Liberty,ASun,30,22,104.6,100.2,0.6203,55.5,48.3,18,17.1,22.2,22.8,28.4,31.4,54,46.3,38.1,34.2,65,-6.1,N/A,N/A
Utah,P12,31,11,106.6,102.2,0.6189,48.4,49.4,18.1,15.2,29.3,29.2,30,28.6,47.3,49.4,33.5,32.9,66.4,-9.4,N/A,N/A
Nevada,MWC,30,13,105.8,101.7,0.6118,50.6,52.4,18.4,18.3,24.5,26.1,32,29.7,51.3,51.2,33,35.9,70.3,-7,N/A,N/A
Western Kentucky,CUSA,30,19,105.5,101.5,0.608,52.8,50.7,17.6,19.9,25.1,30.4,31.3,16.5,52.1,48.6,35.9,35.6,68.7,-6.3,N/A,N/A
Southern Illinois,MVC,30,16,101.7,97.9,0.606,51.5,49.7,18.1,18.7,23.2,23.3,29.1,27.6,50.6,50.2,35.1,32.4,62.1,-7.5,N/A,N/A
Wofford,SC,30,19,105.3,101.4,0.6059,53.9,53.8,17.7,19.7,26.9,22.2,28.2,28.6,55.5,53.3,34.8,36.2,64.2,-6.3,N/A,N/A
College of Charleston,CAA,32,17,105.3,101.6,0.6015,50.3,51.2,20.9,19.1,35.7,25,30.4,37.6,50,51.3,33.9,34.1,73.7,-7.5,N/A,N/A
Texas St.,SB,26,21,105.3,101.7,0.5987,51,50.7,18.8,21.8,30.8,29.3,32.9,34.4,48.9,49.5,37.2,35.1,63.7,-2.3,N/A,N/A
Kent St.,MAC,32,23,102.4,99.1,0.5935,49.8,49,18.5,19.5,30.8,26.4,32.6,36.4,50.5,50.1,32.5,31.7,65.7,-4.5,N/A,N/A
Florida Atlantic,CUSA,31,19,104.5,101.2,0.5909,53.3,50.8,19.6,19.5,31.1,26,28.8,32.1,53.6,48.4,35.3,36.9,67.1,-8.1,N/A,N/A
California,P12,32,12,100,97.2,0.5821,46.9,47.5,17.1,14.7,25.5,23.4,25.3,31.5,47.2,48.1,30.8,30.9,64.1,-8.8,N/A,N/A
Georgia Tech,ACC,31,12,100.5,97.8,0.5792,49.6,50.1,18.9,18.8,25,28.1,25,31.5,48.6,51.4,34.4,32.1,68.1,-8.3,N/A,N/A
Rhode Island,A10,30,15,98.2,95.6,0.576,50.6,46.3,20.8,19.3,28.6,27.6,36.1,32.7,50.5,44.5,33.8,32.6,67.2,-8.5,N/A,N/A
UC Santa Barbara,BW,26,17,104.3,101.7,0.5717,53.5,48.1,19.3,19.5,28.4,27.2,37.2,30.4,55,48.2,33.4,32,65.5,-6.8,N/A,N/A
Seattle,WAC,30,23,98.7,96.3,0.5711,48.3,46.4,16.3,20.5,26,25.6,28.8,40.5,47.1,46,33.1,31.4,70.4,-3.6,N/A,N/A
Drexel,CAA,28,15,103.9,101.5,0.5668,52,50.4,16.4,16.2,25.6,26.1,25.4,26.1,52,50.6,34.7,33.4,66.2,-7.7,N/A,N/A
Buffalo,MAC,28,19,105.7,103.7,0.5529,51.6,48.2,18.6,15.8,37,27.9,25.6,29.4,51.6,48.3,34.4,31.9,71.1,-5.4,N/A,N/A
UC Irvine,BW,23,15,98.2,96.4,0.5515,47.6,44.1,20.6,17.2,29.9,27.6,29.7,31.2,47.4,46,32.1,26.6,65.1,-4.8,N/A,N/A
Saint Joseph's,A10,30,11,99.9,98.2,0.5504,49.7,47.7,19.6,13.7,27,24.1,22.9,26.9,49,47.6,33.6,31.8,68.2,-11,N/A,N/A
Ohio,MAC,34,25,102.6,100.8,0.5504,50.6,50,15.4,20.4,27.1,26,31.5,28,50.8,51.9,33.7,31.2,67.4,-3.5,N/A,N/A
Gardner Webb,BSth,28,18,97.1,95.7,0.5408,49.9,45.5,20,19,26.9,26.3,28.5,36.3,50.2,47.4,33,28.5,67.5,-7.7,N/A,N/A
Jacksonville,ASun,27,21,100.5,99.1,0.5394,48.6,47.2,18.6,16.4,33.6,23.4,30.5,30.8,47.2,49.9,34.5,29.3,61.4,-5.6,N/A,N/A
Missouri,SEC,32,12,102.1,100.8,0.5369,47.1,50.8,21.6,17.9,31.4,29.7,29.9,35.6,49.4,49.7,28.1,35.1,65.7,-7,N/A,N/A
Appalachian St.,SB,31,19,100.7,99.6,0.5314,48.4,49.8,16,17.9,26.3,26,27.6,21.7,46.9,50,33.5,33,64.4,-7,N/A,N/A
New Mexico,MWC,30,13,105.4,104.3,0.5296,49.4,52,16.1,18,24,29.1,32.8,35.6,48.1,53.5,34.4,32.9,71.2,-9.6,N/A,N/A
UTEP,CUSA,32,20,100.8,99.8,0.5287,49.2,49.9,16.7,20.5,22.6,29.5,27.8,37.2,47.4,50,34.7,33.2,66.5,-5.9,N/A,N/A
UNC Wilmington,CAA,34,27,104.4,103.5,0.5246,48.1,50.5,14.6,19.9,28,31.8,34.4,34.8,47.4,49.1,32.9,35.5,65.4,-3.6,N/A,N/A
Wagner,NEC,26,21,101.2,100.4,0.5239,49.9,48.1,18,22.3,33.5,27.5,32.1,39.3,53,50.4,28.5,29.7,66.5,-2.5,N/A,N/A
Tulsa,Amer,31,11,103.5,102.6,0.5231,49.6,52.2,19,20.1,26.7,30.1,31,29,48.5,50.5,34.2,36.2,66.4,-10.6,N/A,N/A
Mercer,SC,31,16,105.8,105.2,0.517,52.9,52.8,18.3,15.8,24.5,26.5,29.3,28.5,52.9,53.2,35.3,34.9,64.9,-9.7,N/A,N/A
Coastal Carolina,SB,29,19,101.1,100.6,0.5151,49.9,46.5,20.3,17.3,32.7,28.7,31.1,25.5,48.3,47.8,35.1,30,66.6,-8.8,N/A,N/A
Portland,WCC,32,19,103.3,102.8,0.5142,50.2,50.1,18.3,17.4,23.9,27.7,33.5,26.2,48.4,48.5,35.4,35,68.7,-6.6,N/A,N/A
South Alabama,SB,29,21,101.7,101.2,0.5142,52,47.6,19.3,20.8,26.9,31.3,30.6,30.7,52.3,46.8,34.2,32.5,66.5,-6.3,N/A,N/A
North Dakota St.,Sum,31,23,101.6,101.1,0.5138,51.8,47.6,17,12.7,24.8,23.1,33.4,25.5,51.1,47,35.3,32.5,66.2,-4.5,N/A,N/A
East Tennessee St.,SC,30,15,107.6,107.1,0.5135,51.8,53.1,17,16.6,30.6,31.1,21.7,26.1,51.1,54.7,35.1,34.2,65.5,-9.4,N/A,N/A
Samford,SC,29,21,104.1,103.9,0.5039,51.8,52.1,19.3,17.8,30.1,29,28.9,32,53.4,52.6,33.1,34.4,69.2,-4.6,N/A,N/A
East Carolina,Amer,30,15,101.8,101.7,0.5027,47.1,50.5,18.7,18.5,27.6,28.5,33.5,31,45.3,48.8,33.3,35.3,67.8,-6.4,N/A,N/A
Cleveland St.,Horz,29,20,104,104.2,0.4962,53.2,49.4,19.6,21.8,33.9,31.9,36.1,34.2,55.3,50,32.6,32.3,67.6,-6.3,N/A,N/A
Monmouth,MAAC,34,21,101.3,101.7,0.4897,47.5,47.3,17.3,17.8,29.4,27.9,36.9,33.6,46.3,46.6,33.1,32.3,66.3,-6.1,N/A,N/A
Georgetown,BE,31,6,104.2,104.6,0.4895,46.2,53.6,18.8,18,32.3,29.9,29,27.6,43.3,52.4,34.2,36.9,70.1,-13,N/A,N/A
VMI,SC,29,16,109.5,110,0.4854,55.3,51.1,16.9,14,22.7,29.6,26.3,25.3,54.4,50.2,37.4,34.7,68.7,-8.8,N/A,N/A
Louisiana Lafayette,SB,29,16,101.1,101.7,0.4836,48.6,46.9,22,18.4,33.6,27.6,35.5,35.5,47,46.2,34.3,32.2,69.6,-9.2,N/A,N/A
Hawaii,BW,26,17,100.3,101,0.4787,50.4,46.9,19.7,15.9,29,25.1,32.5,31.7,49.5,47.2,34.6,30.9,65.1,-7.1,N/A,N/A
Northern Kentucky,Horz,30,20,100.8,101.5,0.478,49.5,49.5,19.9,21.1,36,31,26.6,25,48.3,50,34.1,32.4,64,-8,N/A,N/A
Winthrop,BSth,29,23,104.3,105.1,0.4779,56.4,51,21.2,19.3,25.3,27.5,37.5,33.5,57,49.1,37,35.9,68.4,-3.2,N/A,N/A
Oakland,Horz,30,20,102.5,103.3,0.4756,49.1,50.2,18,20.5,30.7,33.4,34,21.5,52.5,52.9,29.7,31,67.7,-6.1,N/A,N/A
Southern Utah,BSky,33,23,105,105.9,0.4736,52.6,51.7,17.4,17.2,27.8,22.5,33.4,27.6,53.6,51.6,34.1,34.6,68.3,-6.5,N/A,N/A
Fordham,A10,32,16,93.1,94.1,0.4704,45.7,47.9,18.9,19.6,27.2,26.3,29.7,30.4,46.7,48.5,29.7,31.2,67.8,-8.4,N/A,N/A
Cornell,Ivy,24,15,103.1,104.3,0.4658,53.5,51.1,19.6,18.1,26.1,28.1,32.2,31.3,55.6,53,34.1,32.3,72,-6.3,N/A,N/A
Navy,Pat,31,21,94.2,95.6,0.4577,47.5,47.3,19.9,20.4,33.8,24.8,30.8,31.7,47,45.7,32.3,33.2,64.8,-6,N/A,N/A
Oral Roberts,Sum,28,19,108.1,109.7,0.4576,53.9,51.1,13.2,12.7,26.6,24.7,23,24.8,52.3,50.8,37.2,34.4,70.2,-6.8,N/A,N/A
Florida Gulf Coast,ASun,32,22,104.7,106.4,0.4562,53.3,50.5,18.9,15.8,29.9,27.4,29.1,24,53.8,50.5,35.1,33.7,70.1,-6.7,N/A,N/A
Charlotte,CUSA,31,17,104.7,106.4,0.4539,52.9,52.6,17.2,16.9,22.7,25.6,28,26.5,53.6,51.7,34.5,36.2,65.4,-7.4,N/A,N/A
Massachusetts,A10,32,15,110.9,112.8,0.4516,51.3,55.2,16.6,18,29.3,29.7,32.8,29.3,48,54.7,37.1,37.4,69.1,-9,N/A,N/A
Georgia,SEC,32,6,107,108.8,0.4513,50.2,54.6,20.7,15.7,25.8,30.1,39,24.1,51.3,56.1,32.1,34.9,68.8,-13.7,N/A,N/A
Weber St.,BSky,31,21,101.3,103.2,0.4489,53.5,52.3,16.3,20.2,20,24.9,37.8,26.9,54.5,49.2,34.6,38.1,69.6,-7.7,N/A,N/A
Pittsburgh,ACC,32,11,98.9,101.1,0.4379,46.7,52,21.2,16.5,30.5,26.1,39.4,29.4,46.5,49.5,31.4,36.8,64,-8.9,N/A,N/A
Tarleton St.,WAC,28,14,99.3,101.6,0.4357,46.3,52.4,18.2,24.7,27,34,33.7,35.6,46.3,54.7,30.9,32.9,63.2,-9.5,N/A,N/A
Illinois St.,MVC,31,13,103.6,106.1,0.4307,51.8,51,19.5,17.2,28.5,29.8,31.3,31.9,49.7,50.5,36.9,34.5,68,-12.4,N/A,N/A
UMKC,Sum,27,19,100.4,103,0.4277,52.3,52,15.6,21,21.5,26.6,31.6,44.4,51.6,52.8,35.8,33.6,67.3,-7.3,N/A,N/A
Arkansas St.,SB,26,18,98,100.5,0.4257,49.3,49.2,20.6,19.3,29.4,28.4,34.5,28.2,50,48.8,31.9,33.3,68.2,-5.9,N/A,N/A
Indiana St.,MVC,28,11,98.6,101.6,0.4159,50.6,51.7,19.2,15.8,17.3,22.5,26.4,26.2,52.8,50.1,32,36.1,69.5,-12.3,N/A,N/A
Troy,SB,29,20,97.3,100.2,0.4146,47.6,48.5,22.1,20.3,31.6,27.6,34.9,34.5,47.1,47.9,32.3,33.1,67.1,-5.8,N/A,N/A
Nicholls St.,Slnd,29,21,99.6,102.7,0.4114,52.1,48.3,17.3,19.7,29.6,30.6,21.6,36.3,54.5,47.2,32.1,33.3,69.8,-5.8,N/A,N/A
Loyola Marymount,WCC,28,11,105.1,108.5,0.4105,51.9,54.7,19.2,18.1,24.4,27.3,31.1,31.9,52.3,55,34.2,36,65.8,-9.4,N/A,N/A
Valparaiso,MVC,30,14,102.1,105.4,0.4105,51,52.3,16.5,16.5,20.3,24.8,26.9,22.6,52.1,51.6,32.9,35.6,65.2,-10.8,N/A,N/A
UC Davis,BW,22,13,97.4,100.7,0.4072,48.6,47.3,17.9,19.2,26.2,28.9,29.4,36.9,48.7,45.4,32.3,33.9,67.3,-8.1,N/A,N/A
Fort Wayne,Horz,31,21,99.1,102.4,0.4066,53.1,53.4,19.2,21.6,22.4,27.1,27.4,25.9,51.9,53.6,36.4,35.4,68.3,-7.4,N/A,N/A
Niagara,MAAC,29,14,98.4,101.8,0.4042,49.3,48.2,16.7,17.1,23.1,27.1,28.1,28.8,48.2,46.9,34,33.6,64.3,-10.5,N/A,N/A
Fairfield,MAAC,32,15,99.4,103.1,0.3986,49.3,48.1,16.8,17,27.4,27.7,26.6,31.2,48.6,48.1,33.5,32.2,64.3,-12.7,N/A,N/A
Harvard,Ivy,23,13,97,100.7,0.3956,49.6,52.1,17.5,20.7,25.2,23.8,24.5,32.6,50,49.8,32.6,37.1,67.2,-9.5,N/A,N/A
UNC Asheville,BSth,29,17,101.3,105.1,0.3953,50.5,49.9,18.2,19,26.6,33,37.1,27.4,50.1,52.9,34.1,29,66.5,-9.4,N/A,N/A
South Dakota,Sum,29,19,103.5,107.5,0.3922,52,52.7,15.1,15.5,26.5,22.4,34.1,34.2,50,51.7,37.3,36.2,65.8,-7.6,N/A,N/A
Oregon St.,P12,31,3,105.3,109.4,0.392,49.2,55,18.2,17.5,26.2,34,27.6,29.1,49.8,55.8,31.9,35.9,66.7,-16.1,N/A,N/A
Northern Colorado,BSky,35,22,106.9,111.1,0.3892,56.2,52.9,17.1,13.9,21.9,24.6,30.8,30.1,55.6,50.7,37.9,38.2,69.3,-9,N/A,N/A
James Madison,CAA,27,15,102.2,106.3,0.3891,51.1,53.3,17.7,20.6,25.9,31.5,30.6,27.5,50.9,55.7,34.2,33.7,69,-8.3,N/A,N/A
Cal Baptist,WAC,31,18,98.1,102.2,0.3866,49.9,48.2,20.4,17.4,28.1,27.8,36.8,33.8,49.8,47.8,33.4,32.6,67.3,-9.1,N/A,N/A
Penn,Ivy,28,12,105.2,109.6,0.384,51.3,52.1,17,15.3,25.4,28,24.1,28.8,52,52.1,33.5,34.7,67.9,-8.8,N/A,N/A
San Diego,WCC,29,15,96,100.1,0.3822,46.7,49.2,18.6,16,26.3,26.4,25.5,23.7,46.2,49,32.1,33.2,65.7,-7.8,N/A,N/A
George Washington,A10,30,12,98.9,103.1,0.3816,48.9,49.6,17.9,18,23.2,31.1,26,29.2,48,51.4,33.7,30.7,69,-10.9,N/A,N/A
Rider,MAAC,32,14,98.6,102.9,0.3798,45.6,49.2,17.3,18.4,29.4,28.3,27.2,33.2,44.9,47.3,31.6,34.4,67,-13.4,N/A,N/A
Detroit,Horz,29,14,105.7,110.4,0.3771,52.6,54.4,17.9,19,27.9,29.7,22.8,30.5,50.1,55.4,36.9,35.3,64.9,-9.6,N/A,N/A
Dartmouth,Ivy,24,9,96.3,100.7,0.3768,48.2,50.8,17.4,19,23.6,26.6,24.5,28.4,46.6,50.5,33.4,34.2,64.7,-11.2,N/A,N/A
Marist,MAAC,30,14,99.2,103.8,0.3729,50.4,48.3,18.2,16.7,26.4,27.1,25,28.5,49.7,47.1,34.4,33.4,66.3,-11.6,N/A,N/A
Brown,Ivy,27,13,98.8,103.6,0.3679,49.4,51.1,19.1,19.5,28.2,28.1,31.6,33.2,50.6,51.3,31.7,33.9,67.5,-9.9,N/A,N/A
La Salle,A10,30,11,97.8,102.6,0.3653,47.8,50,19,16.7,29,27.4,25.1,31,47.6,47.8,32,35.9,67.5,-11.7,N/A,N/A
Boston University,Pat,34,22,104.3,109.5,0.3646,51.9,50.9,18.2,16.5,30.9,24.2,28.8,29,51.6,51,34.9,33.8,64.9,-8.3,N/A,N/A
Southeast Missouri St.,OVC,30,14,104,109.2,0.364,51.6,52.4,17.8,18.1,25.8,28.9,36.7,39.6,50.6,52.8,35.4,34.6,71.6,-12.4,N/A,N/A
High Point,BSth,29,14,98.8,103.8,0.3618,48.9,49.5,19.5,17.7,27.4,30.2,33.9,35.3,49.4,52.1,32,30.1,66.4,-12.5,N/A,N/A
Kennesaw St.,ASun,27,13,103.6,109,0.3578,51.8,53.1,17.4,18.2,28.7,27.9,29.7,35.3,50.3,52.1,36.2,36.2,66.3,-12,N/A,N/A
Northeastern,CAA,31,9,97,102.1,0.3573,50.1,51.7,21.2,15.7,26.3,23.7,30.6,25.6,51.6,51.9,32,34.3,64.6,-15.4,N/A,N/A
Eastern Washington,BSky,32,18,102.9,108.3,0.3566,52.9,50.4,18.5,15.6,25.3,26,32.9,31.5,51.9,50.4,36.1,33.6,69.7,-9.8,N/A,N/A
UT Arlington,SB,27,11,96.2,101.5,0.3499,45.7,49.4,20.3,20.3,30.5,31.7,29.7,32.3,45.3,46.8,31,35.5,65.4,-11,N/A,N/A
Southern,SWAC,29,17,94.1,99.4,0.3488,49.2,49.2,20.4,25.2,27.5,31.1,33.6,45.7,47.5,52.9,35,28.4,70.3,-8.7,N/A,N/A
Marshall,CUSA,31,12,100.3,105.9,0.3477,49.4,52,18.1,17.8,27.3,28.1,24.3,28.3,52.1,51.6,30.1,35.3,72.4,-14.1,N/A,N/A
Stony Brook,AE,30,18,104,109.9,0.3451,50.3,52.6,15.5,17.4,27.4,29.7,27.7,23.8,49.9,54.1,34,33.6,68.2,-8,N/A,N/A
South Florida,Amer,31,8,90.9,96.1,0.3449,41.3,48.3,19.1,18.9,29.8,27,25.4,33.6,42.8,46.6,25.2,33.8,65,-12.9,N/A,N/A
Quinnipiac,MAAC,30,14,101.9,107.8,0.3444,50,50.6,18.7,17.2,28.6,28.6,27,27.2,49.2,47.6,34,37.1,68.9,-12.3,N/A,N/A
UMBC,AE,31,18,103.6,109.5,0.3441,52.6,52.8,16.2,16.6,21.9,28.8,31.1,19.7,48.9,52.7,38.3,35.2,68.3,-9.4,N/A,N/A
Siena,MAAC,29,15,97.8,103.6,0.339,48.7,49.1,18.4,17.3,24.5,28.5,28.9,29.2,46.3,48.7,35.6,33.3,66.3,-9.3,N/A,N/A
New Hampshire,AE,26,15,102.6,108.7,0.3382,50.9,50.4,14.8,14,27.9,21.9,25.4,26.6,48.1,49.8,36.6,34.2,61.9,-9.3,N/A,N/A
Rice,CUSA,31,16,103.9,110.2,0.3371,52.9,50.8,18.4,14.3,26.1,28.2,31.2,21.1,51.9,51.6,36.2,32.9,67.6,-9.6,N/A,N/A
LIU Brooklyn,NEC,29,16,98.9,105,0.3367,48.4,48.5,18.5,18.2,30.6,29.7,30.4,29.7,49.6,48.8,31,32,72.5,-8.6,N/A,N/A
Youngstown St.,Horz,32,19,103.1,109.4,0.3366,51,51,17.3,17.1,29.8,28.3,30.4,30.3,50.8,50.7,34.1,34.3,66.6,-10.4,N/A,N/A
The Citadel,SC,28,13,100.8,107.1,0.3324,52,50.4,17.1,13.8,23.7,29.4,29.9,26.3,51.7,50.9,34.8,33.1,70.4,-11.7,N/A,N/A
Montana,BSky,29,18,99.9,106.3,0.3282,50.2,51.8,15.7,19.1,18.1,26.8,38.5,42.8,49.9,49.9,33.9,37.5,65.3,-9.9,N/A,N/A
Howard,MEAC,26,16,99.3,105.7,0.3259,50.4,49.4,20.7,23.5,28,34.5,36.2,33.9,47.8,48.6,36.2,34,70.4,-9.5,N/A,N/A
Ball St.,MAC,30,14,101.2,108.1,0.3207,51.3,52.4,19.5,17.1,26.8,28.3,38.1,32.8,49.8,50.8,35.7,36.3,70,-12.2,N/A,N/A
Georgia Southern,SB,26,13,95.9,102.4,0.3203,47.8,48.2,21.1,18.9,27.7,31,31.6,35.5,50.1,47.3,29.2,33,66,-11.1,N/A,N/A
Tennessee Tech,OVC,30,11,100.5,107.3,0.32,49.2,51.5,18.9,18.1,30.9,30.5,24,24,49.2,53.4,32.9,32.4,69.1,-14.2,N/A,N/A
Elon,CAA,30,10,98.8,105.6,0.3188,49,50.6,19.9,16.6,25.4,28.8,25.9,43.8,48.6,49.9,33,34.5,66,-13.5,N/A,N/A
Lipscomb,ASun,30,14,101.6,108.7,0.3152,52.3,51.5,19,14.1,22.7,28,33.9,22.7,53.2,48.1,34,37.5,69.3,-12.4,N/A,N/A
Mount St. Mary's,NEC,29,14,95.4,102.2,0.3132,48.6,48.6,20.1,18.9,31,29.1,26.3,26.2,47.6,47.4,33.9,33.9,63.5,-11.2,N/A,N/A
Miami OH,MAC,29,14,103.7,111.1,0.3113,50.3,53.5,15,18,26,30.2,23.7,30.4,49.5,52.5,34.3,36.7,67.5,-13.2,N/A,N/A
Western Illinois,Sum,30,16,99.3,106.4,0.3109,49.6,52.9,15.9,17.3,28.8,22.7,29.4,31.4,49.8,51.3,33,37.4,70.5,-10.2,N/A,N/A
Portland St.,BSky,29,14,95.7,102.8,0.3058,47.1,52.7,17,23.4,26.1,31.8,31.6,39.4,48.4,51.2,29.7,36.7,70.6,-12.8,N/A,N/A
Eastern Kentucky,ASun,27,13,100.8,108.3,0.3055,48.4,54.6,15.6,22.3,28.7,31.8,21.7,28.1,46,56.6,33.9,34.4,71,-13.7,N/A,N/A
Tennessee St.,OVC,30,14,98,105.3,0.3032,49,50.1,19.8,19.7,29.7,28.6,30.4,39.2,47.6,49.8,34.6,33.7,67.4,-13.5,N/A,N/A
Pepperdine,WCC,31,7,97.8,105.2,0.3022,47.5,52.7,20.4,18,26.3,31,23.9,31.5,45.6,54.6,34.1,32.9,70.2,-15.3,N/A,N/A
Air Force,MWC,29,11,95.9,103.2,0.2992,50.9,51.5,21.5,20.3,19.6,29.4,26.8,38.9,51.6,53.8,33.3,31.2,63.2,-10.1,N/A,N/A
Louisiana Monroe,SB,28,13,100.7,108.6,0.2974,50.2,52.9,18.9,19.4,24.7,33.4,26,34.7,50.5,52,33.2,36.2,67.8,-11.9,N/A,N/A
USC Upstate,BSth,30,15,101.3,109.2,0.2968,51.3,51.6,18.7,17.8,22.3,30.8,29,38.3,49.3,52.8,36.4,33.3,68.5,-10.6,N/A,N/A
North Florida,ASun,28,11,96.5,104.4,0.2889,48.1,48.8,21.6,16.7,25.2,36.9,30.4,28.7,47.7,48,32.4,33.9,68.1,-11.7,N/A,N/A
UC San Diego,BW,27,13,101.1,109.6,0.2843,52,52.7,18.9,17.2,18.6,27.6,32.7,22,50.3,54.3,36,32.9,67.9,-11.6,N/A,N/A
Manhattan,MAAC,29,15,99.4,107.9,0.2786,48.3,52.2,20.5,19.9,30,30.9,41.4,34.7,50,52.9,29.9,33.9,68.5,-10.4,N/A,N/A
Presbyterian,BSth,29,12,95.3,103.7,0.2754,45.4,53.5,19.5,21.1,33.1,24.6,30.2,40.7,49,51,26.1,38.4,64.1,-14.2,N/A,N/A
Southeastern Louisiana,Slnd,30,19,102,111.3,0.2698,51.8,53.7,20,19.6,25.9,33.2,38.8,27.3,51.9,55.4,34.4,34,70.3,-8.9,N/A,N/A
Bowling Green,MAC,29,13,102.7,111.9,0.2697,48.6,53.5,16.5,17.3,29.9,30.7,31.9,30.8,48,53.1,33.1,36,72.7,-13.4,N/A,N/A
UMass Lowell,AE,28,15,94.8,103.4,0.269,48,48.9,18.3,19.5,29.2,29.9,26.5,32.5,49.3,45.6,30.2,37,67.6,-11.8,N/A,N/A
Radford,BSth,27,11,95.2,103.8,0.2688,46.5,52,20.6,20.2,28.9,26,27.8,37.4,47.7,51.3,29.8,35.4,64.3,-12.1,N/A,N/A
San Jose St.,MWC,30,8,98.4,107.4,0.2676,49.7,53.5,20,15.7,22,30.5,22.5,27,48.2,53.4,34.3,35.8,65.5,-13.6,N/A,N/A
Utah Tech,WAC,27,13,94.2,102.9,0.2664,46.5,50.9,21,17.8,26.7,28.9,35.2,30.7,47.8,51.7,29.5,33,71.6,-11.5,N/A,N/A
Illinois Chicago,Horz,29,14,99.7,109.1,0.263,51.1,51.6,17.2,16.8,25,27.2,22.9,34.2,53.3,50,32.4,37.4,68.9,-11.7,N/A,N/A
FIU,CUSA,30,15,96.8,105.9,0.2611,49.9,50.2,20.1,18.5,27,29.8,24.6,31.4,49,50.2,34,33.4,66.7,-12,N/A,N/A
Pacific,WCC,28,8,95.3,104.3,0.2604,46.2,54.9,17.4,18.7,22.6,22.6,32.3,28.1,45.8,52.1,31.4,39.2,68,-15.5,N/A,N/A
Prairie View A&M,SWAC,27,8,96.5,105.7,0.2601,48.4,51,24,20.6,31.7,34.2,38.5,44.8,46.8,49.6,34.5,35.7,70.7,-11.9,N/A,N/A
Canisius,MAAC,31,11,95.9,105.1,0.2582,45.4,51.5,16.9,17.8,28,26.3,30.2,32.2,45.5,53.7,30.2,31.2,68.3,-15,N/A,N/A
Hartford,AE,32,12,100.8,110.6,0.2567,53.3,51.6,18.2,16.5,23.8,28.4,27.6,28.9,51.5,50.4,36.9,35.7,67.1,-16,N/A,N/A
North Carolina A&T,BSth,29,12,96.4,105.9,0.2534,46.6,51,18.1,19.9,29.2,30.8,28.2,37.8,46.3,50.1,31.5,34.8,67.7,-14.5,N/A,N/A
Austin Peay,OVC,27,12,94.7,104.2,0.2489,46.6,52.5,21.3,20.9,29.5,30.4,25.7,36.1,46.9,54.1,30.8,33.2,64.6,-10.8,N/A,N/A
St. Thomas,Sum,27,10,105.9,116.6,0.2473,52,58.9,12.6,16.1,20.7,27.1,23.7,32.5,52.5,58,34.4,40.1,65.5,-15.8,N/A,N/A
Jackson St.,SWAC,30,11,93.1,102.6,0.2462,45.3,47.7,19.9,18.3,31.4,27.9,26.5,36.6,45.5,47.5,30,32.2,63.9,-12.7,N/A,N/A
Duquesne,A10,30,6,97.8,107.9,0.245,45.4,54,16.9,19,29.2,31.5,21.9,21.9,45.2,51.3,30.5,39.8,65.9,-16.4,N/A,N/A
New Orleans,Slnd,29,18,95.9,105.8,0.2445,49.4,50.1,19.3,19.7,26,30.8,42,32.8,50.4,51.1,30.8,32.3,71.9,-9.1,N/A,N/A
SIU Edwardsville,OVC,30,11,94.3,104,0.2432,46.7,49,21.6,19.2,31.1,30.6,34.5,37.6,48.1,48.7,29.5,33,68.4,-15.2,N/A,N/A
Loyola MD,Pat,29,14,94.4,104.6,0.2366,50.4,51.4,19.5,20.6,25.2,26.1,25,30.7,51.7,51.3,32.1,34.3,65.3,-12.1,N/A,N/A
Army,Pat,29,15,96.3,107,0.2289,48.8,52.8,18.9,19.4,29.8,27.2,32.1,22.9,49.3,51.6,31.9,36.4,69,-12.2,N/A,N/A
Central Arkansas,ASun,29,11,99.5,110.6,0.2289,48.2,54.8,18.8,16.4,26.2,30.9,23.1,29.8,50.3,55.8,29.5,35.3,72.1,-13,N/A,N/A
Cal St. Bakersfield,BW,25,8,96.7,107.5,0.2282,44.4,51.4,18,20.1,32,26.1,29.5,48,44.9,50.5,28.3,35.2,64.4,-13.8,N/A,N/A
Tennessee Martin,OVC,28,8,96.4,107.2,0.2276,46.1,50.8,19.4,18.4,29.8,31.8,26.3,37.2,47,51.2,29.7,33.4,69.1,-15.7,N/A,N/A
Merrimack,NEC,29,14,93.5,104.3,0.2212,48.6,49.1,18.5,22.6,22.5,36.2,26,33.9,47.8,48.8,33.3,33.2,62.2,-11.1,N/A,N/A
Albany,AE,31,13,91.7,102.3,0.2208,46.2,50.7,18.7,20.7,26.1,27.2,24.9,31.8,45.2,49.1,32.3,35.5,65.3,-12.8,N/A,N/A
Western Carolina,SC,31,11,98.2,109.7,0.2186,47.9,53.2,17.7,14.3,28.6,28.5,27.8,28.7,49,52.6,31.3,36,68.4,-14.1,N/A,N/A
Denver,Sum,30,11,99.1,110.7,0.2185,52.7,52.4,18.6,16.5,23.7,28.1,32,32.2,51.1,50.9,37.1,36.4,66.5,-16.2,N/A,N/A
Cal Poly,BW,27,7,93.2,104.2,0.2165,46.1,48.1,22.6,17,27.3,26.9,36.3,36.8,47.2,44.5,29.5,36.2,64.6,-16.4,N/A,N/A
Northern Illinois,MAC,30,9,92.4,103.5,0.2131,47.2,50.6,19.9,19.7,24.3,29.4,33,40.7,47,51.8,31.7,32.3,67,-14.7,N/A,N/A
Morgan St.,MEAC,24,13,93.6,105.1,0.2086,46.1,51.2,21.2,23.2,31.4,29.9,31,43.7,46.6,51,30,34.4,71.6,-10.8,N/A,N/A
Lehigh,Pat,31,13,97.5,109.5,0.2073,52.1,49.3,19.2,14.7,21.5,26.4,25.1,31.8,48.9,47.4,38.2,36.4,68.2,-14.5,N/A,N/A
Binghamton,AE,27,12,93.6,105.5,0.2031,48.8,49.9,18.8,15.9,26.7,27.1,23.2,30.1,47,49.6,34.7,33.6,67.1,-12.7,N/A,N/A
North Alabama,ASun,26,9,91.2,102.8,0.2022,43.2,50.2,17,18.9,25.5,29.9,23.8,40,42.8,50.1,29.2,33.7,67.6,-15.2,N/A,N/A
Eastern Michigan,MAC,30,10,94.5,106.6,0.2017,48.2,51.6,19.2,16.9,23.3,28.4,29.8,29.3,49.3,50.6,30.7,35.6,69.5,-15.4,N/A,N/A
Stetson,ASun,26,11,96.1,108.3,0.2011,48.8,53,19.5,16.1,28.2,27.5,25.6,26.8,46.5,53.5,34.9,34.9,65.5,-14.6,N/A,N/A
McNeese St.,Slnd,29,11,97.4,110.3,0.194,48.6,52,22,17.7,33.2,28.9,37.5,40.2,49.9,52,30.6,34.7,69.7,-16.4,N/A,N/A
Western Michigan,MAC,28,8,97.4,110.2,0.1934,49.3,53.4,20.3,15,27.2,32.3,24.3,29.8,48.9,55.3,33.2,33.8,64.2,-16.9,N/A,N/A
Florida A&M,SWAC,28,13,94.9,107.4,0.1927,46.1,48.2,18.7,18.5,25.7,34.4,29.8,38.9,46.6,46.4,29.7,34.3,65.4,-12.2,N/A,N/A
Robert Morris,Horz,31,8,99.1,112.5,0.1885,50.9,53.1,20.8,16.9,28.2,32.2,28.2,28.9,51.6,51.9,32.9,36.9,66.9,-18.7,N/A,N/A
UTSA,CUSA,28,10,93.9,106.8,0.1863,43.6,54.3,17.6,17,29.5,25.8,25.4,33,43.9,53,28.7,37.7,68.7,-15.7,N/A,N/A
Sacramento St.,BSky,27,11,95.4,108.5,0.1847,48.8,52.6,16.7,17.7,21.4,27.6,28.3,33.7,46.9,53.4,35.1,34.2,64.4,-14.1,N/A,N/A
Lafayette,Pat,29,10,97.3,111,0.1796,50.6,53.7,16.4,17.2,22.4,30,20.9,25.8,51.9,51.8,32.8,38,64.8,-15.4,N/A,N/A
UT Rio Grande Valley,WAC,29,8,98.5,112.6,0.1767,49.5,51.9,20.7,17.9,24.7,33.5,41.4,35.7,51.9,53.7,30.3,32.7,71.7,-16.3,N/A,N/A
North Carolina Central,MEAC,27,16,94.7,108.4,0.1743,47.7,50.5,23.8,22,32.6,30.5,37.8,43.4,48.3,51.4,31.1,32.9,67.6,-10.4,N/A,N/A
South Carolina St.,MEAC,28,15,92.3,105.7,0.1742,43.3,49.9,20.2,20.6,34.3,29,31.9,37.4,42.1,47.7,30.6,35.7,70.4,-12.5,N/A,N/A
Little Rock,SB,25,9,96.7,110.7,0.1733,47.9,56.3,20.3,20,23.5,30.6,32.3,31,46.6,55.5,33.3,38.4,66.8,-13.6,N/A,N/A
St. Francis NY,NEC,29,10,94.2,108,0.1713,46,51.9,17.9,18.9,29.4,29.8,23.3,32.4,45.4,52.7,31.3,33.3,66.7,-15.6,N/A,N/A
Central Michigan,MAC,30,7,95.1,109.1,0.1713,47.8,53,19.6,16.6,25.4,31.4,30.5,36,45.5,53.6,34.1,34.8,67.6,-16.1,N/A,N/A
Coppin St.,MEAC,32,9,89.8,103.2,0.1681,46,49.3,19.4,21.2,20.1,32,34.6,28.1,47.6,46.7,29.7,35.2,72.9,-16.7,N/A,N/A
Hampton,BSth,26,9,91.3,105.2,0.1642,44.1,47.4,18,16.2,22.1,31,36.5,37.9,44.1,48.8,29.3,29.8,68.9,-15.3,N/A,N/A
Maryland Eastern Shore,MEAC,24,11,88.6,102.1,0.1641,45.4,51,22,23.8,27.3,29.9,31,35.8,44.3,51.3,31.2,33.7,67.6,-11.4,N/A,N/A
Bucknell,Pat,32,9,100.7,116.1,0.1629,52.8,53.8,19.3,13.7,21.8,30,28.3,22.9,50.6,52.3,37.6,37.4,67.8,-18.4,N/A,N/A
Evansville,MVC,29,6,92,106.3,0.16,46.9,56.1,17.2,17.9,14.4,22.3,24.6,31,45.2,55.3,32.6,38.4,63.9,-16.4,N/A,N/A
Grambling St.,SWAC,30,12,92.1,106.4,0.1597,44.6,48.9,20,19.2,27.4,31.4,33.4,40.8,43.8,46.3,31.1,35.7,69.2,-13.6,N/A,N/A
Sacred Heart,NEC,29,10,100.3,116.1,0.1577,50.8,53.2,19.6,15.7,30.8,31.3,24.9,25.5,50.5,53.6,34.2,35,67.4,-16.7,N/A,N/A
St. Francis PA,NEC,29,9,94.5,109.5,0.1558,46.9,52.4,18.1,18.3,30.5,31.9,29.8,25.6,46.7,51.4,31.5,35.9,67.1,-16.6,N/A,N/A
Alabama St.,SWAC,30,10,95.8,111.1,0.1532,47.7,50.4,21.5,19.4,29.5,33.5,36.9,33.8,46.8,50.8,33,33.2,69.8,-14.3,N/A,N/A
Southern Miss,CUSA,31,7,94.9,110.5,0.1473,46.9,54.1,19.7,15.9,23.7,28.4,26.7,28.1,47,52.6,31,37.4,67.1,-18.9,N/A,N/A
Alabama A&M,SWAC,30,12,86.1,100.3,0.1471,41.3,46.3,19.6,19.6,28.7,31,33.5,28.6,41.5,45.2,27.1,32,66.6,-14,N/A,N/A
Idaho,BSky,29,9,97.5,114.1,0.1406,50.2,54.6,18.5,14.5,23.3,26.3,33.8,33.9,47.4,55.5,36.7,35.1,70.2,-17.7,N/A,N/A
Idaho St.,BSky,28,7,94.1,110.3,0.1387,47.4,53.2,21.1,16.7,27.6,27.5,33,35.2,49.6,54.5,29.6,34.1,63.9,-18.9,N/A,N/A
Green Bay,Horz,29,5,92.2,108.2,0.1381,46.5,53,19.9,18.1,26.6,28.7,32,31.7,48.9,53.6,28,34.7,64.5,-20.4,N/A,N/A
Northern Arizona,BSky,30,9,94.7,111.3,0.1359,47.9,53,20.4,13.8,28.9,23.5,27.7,34.1,45.4,52.2,34.3,36.3,65.3,-18,N/A,N/A
Milwaukee,Horz,31,10,91.7,107.9,0.1327,47.7,47.5,19.6,14.9,25.9,30.1,28,29.1,47.5,45.3,31.9,33.8,66.9,-17.8,N/A,N/A
Cal St. Northridge,BW,28,7,93.5,110.2,0.132,44.4,51.9,18.5,19.9,26.8,33,29.6,36.5,44,53.1,30.2,33.2,64.9,-17.4,N/A,N/A
Northwestern St.,Slnd,29,9,96.7,113.9,0.1317,49.5,53.2,20.1,17.1,27.8,32.2,25,34.1,48.4,54.4,34.4,34,71.2,-16.4,N/A,N/A
Bethune Cookman,SWAC,29,9,93.4,110.1,0.1306,45.4,51.5,19.7,20.4,27.9,30.9,28.8,35.5,43.7,52.7,33.7,32.9,66,-16.7,N/A,N/A
William & Mary,CAA,31,5,90.2,106.3,0.1304,46,53.6,23.1,17.9,27.1,27.7,30.3,27.2,45.5,55.7,31.1,33.7,68.9,-20.4,N/A,N/A
American,Pat,32,10,93.2,109.9,0.1302,49.6,53.3,20.2,17.4,25,29,25.6,28.9,49.6,53.9,33.1,34.7,65,-18.1,N/A,N/A
Chicago St.,WAC,32,7,95.6,113.1,0.1273,45.9,53.6,22,18.6,31.6,32.2,29.3,38.5,45.2,50,31.1,40.1,66.2,-18.1,N/A,N/A
Houston Christian,Slnd,25,11,95,113,0.1199,48.8,55.3,20.6,19.1,29.3,27.2,37.8,37.8,50.5,53.7,30.5,38.8,68.3,-14.3,N/A,N/A
Charleston Southern,BSth,28,6,92.9,111.3,0.111,46.2,55.4,21.4,17.3,26.2,25.7,28.4,30,47.1,56.1,30.1,36.1,69.2,-20,N/A,N/A
NJIT,AE,28,11,89.4,107.4,0.1087,46.5,51,18.7,16.7,23.2,27.9,31,27,45.1,51,32.6,34,66.2,-13.3,N/A,N/A
North Dakota,Sum,29,6,96.1,115.4,0.1084,47.2,56.3,17.5,13.6,26.8,25.8,31.6,30.5,44.7,55.8,33.5,38.1,67.4,-20.7,N/A,N/A
Fairleigh Dickinson,NEC,26,4,94.7,114.1,0.1049,46.4,53.8,19.3,18.1,27.7,34.1,27.8,34.1,45.2,54.5,32.4,35.1,69.6,-17.2,N/A,N/A
Nebraska Omaha,Sum,29,5,96.5,116.5,0.1028,49.3,56.3,19.3,14.7,24.6,30,28.3,37.4,46.9,54,35.8,39.9,69.8,-18.5,N/A,N/A
Lamar,WAC,27,2,90.9,110.6,0.0952,44.5,52.9,21.5,17.8,30,31.7,26.2,38.5,44.1,52.7,30.2,35.5,66,-21.1,N/A,N/A
Holy Cross,Pat,29,9,90.8,111.2,0.0887,45.1,53.2,18.2,17.6,27.3,29.4,28.6,30.8,43.2,52.7,33.1,36.1,67,-18.7,N/A,N/A
Arkansas Pine Bluff,SWAC,29,7,97.6,119.8,0.0864,46.6,55.5,19.5,18.7,24.8,36.3,33.6,34.6,48,56.1,29.8,36,67.4,-17.4,N/A,N/A
Mississippi Valley St.,SWAC,28,2,93.2,115.3,0.0801,44.5,56.7,18.1,20.7,23.4,33.9,31.4,36.5,43.8,55.1,30.5,40,70.8,-21.3,N/A,N/A
Incarnate Word,Slnd,29,7,94.4,116.7,0.0797,48.4,56.8,19.9,18,22.3,32.4,27.4,30,46.5,57.4,33.8,37.1,65,-19.4,N/A,N/A
Maine,AE,26,6,92.3,114.2,0.0792,46.9,54.9,19.3,18.3,24,30.4,20.4,32.8,47,53.3,31,38.6,66.1,-18.3,N/A,N/A
Columbia,Ivy,25,4,91.5,114.2,0.0725,48.5,54.8,21.5,16.4,27.5,28.8,26.1,25.1,46.4,53.4,34.9,37.8,69.6,-18.1,N/A,N/A
Central Connecticut,NEC,32,8,90,112.5,0.0712,46,52.9,20.6,18.8,26.3,31.8,29.1,28.8,42.6,53.3,34.2,34.8,65.1,-19,N/A,N/A
Delaware St.,MEAC,25,2,86.5,110.1,0.0587,45,51.1,25.6,19.3,27,34.7,32.4,34.2,43.4,48.6,32.2,36.1,68.1,-22.8,N/A,N/A
Eastern Illinois,OVC,29,5,83,108.4,0.0442,44.2,53.4,24.1,18.2,20.6,32.6,31.2,24.2,42.3,55.8,31.8,33.5,64.9,-20.3,N/A,N/A
IUPUI,Horz,27,3,80.4,109.2,0.0285,42.4,52.8,26.1,20.5,30.1,33,24.9,37.5,41.6,52.4,29.2,35.5,62.6,-22.4,N/A,N/A
